{"cameraMode":{"drawMode":0,"name":"Shaded","section":"Shading Mode"},"sceneLighting":true,"audioPlay":false,"sceneViewState":{"showFog":true,"showMaterialUpdate":false,"showSkybox":true,"showFlares":true,"showImageEffects":true,"showParticleSystems":true},"in2DMode":false,"pivot":{"x":-1.4830322265625,"y":-0.13665771484375,"z":0.52685546875},"rotation":{"x":-0.0003805217857006937,"y":0.9984533786773682,"z":-0.006887517869472504,"w":-0.0551745742559433},"size":2.7604172229766847,"orthographic":true}